g value,length[m],pulse broadening [ps],-3dB bandwidth [GHz],tav[ps],Ptot,Aw00,spct
2.000000,100.000000,20.702986,8.647176,501413.059260,43.499673,43.499673,