g value,length[m],pulse broadening [ps],-3dB bandwidth [GHz],tav[ps],Ptot,Aw00,spct
2.000000,100.000000,28.109783,6.412869,501380.050448,300.000000,300.000000,0.919696
